https://adit.balloondecorationbhopal.com/wp-content/plugins/addon-elements-for-elementor-page-builder/assets/css/arrow-left.svg	.\mirror\wp-content\plugins\addon-elements-for-elementor-page-builder\assets\css\arrow-left.svg
https://adit.balloondecorationbhopal.com/wp-content/plugins/addon-elements-for-elementor-page-builder/assets/css/arrow-right.svg	.\mirror\wp-content\plugins\addon-elements-for-elementor-page-builder\assets\css\arrow-right.svg
https://adit.balloondecorationbhopal.com/wp-content/plugins/addon-elements-for-elementor-page-builder/assets/css/eae.min.css?ver=1.14.4	.\mirror\wp-content\plugins\addon-elements-for-elementor-page-builder\assets\css\eae.min.5200f84bc1.css
https://adit.balloondecorationbhopal.com/wp-content/plugins/addon-elements-for-elementor-page-builder/assets/digit-sep-svg.svg	.\mirror\wp-content\plugins\addon-elements-for-elementor-page-builder\assets\digit-sep-svg.svg
https://adit.balloondecorationbhopal.com/wp-content/plugins/addon-elements-for-elementor-page-builder/assets/digits-svg-alpha.svg	.\mirror\wp-content\plugins\addon-elements-for-elementor-page-builder\assets\digits-svg-alpha.svg
https://adit.balloondecorationbhopal.com/wp-content/plugins/addon-elements-for-elementor-page-builder/assets/js/animated-main.min.js?ver=1.0	.\mirror\wp-content\plugins\addon-elements-for-elementor-page-builder\assets\js\animated-main.min.c9d000f21b.js
https://adit.balloondecorationbhopal.com/wp-content/plugins/addon-elements-for-elementor-page-builder/assets/js/eae.min.js?ver=1.14.4	.\mirror\wp-content\plugins\addon-elements-for-elementor-page-builder\assets\js\eae.min.5200f84bc1.js
https://adit.balloondecorationbhopal.com/wp-content/plugins/addon-elements-for-elementor-page-builder/assets/js/iconHelper.js?ver=1.0	.\mirror\wp-content\plugins\addon-elements-for-elementor-page-builder\assets\js\iconHelper.c9d000f21b.js
https://adit.balloondecorationbhopal.com/wp-content/plugins/addon-elements-for-elementor-page-builder/assets/js/particles.min.js?ver=2.0.0	.\mirror\wp-content\plugins\addon-elements-for-elementor-page-builder\assets\js\particles.min.5d6d909709.js
https://adit.balloondecorationbhopal.com/wp-content/plugins/addon-elements-for-elementor-page-builder/assets/lib/magnific.min.js?ver=1.1.0	.\mirror\wp-content\plugins\addon-elements-for-elementor-page-builder\assets\lib\magnific.min.133f7454e5.js
https://adit.balloondecorationbhopal.com/wp-content/plugins/addon-elements-for-elementor-page-builder/assets/lib/peel/peel.css?ver=1.14.4	.\mirror\wp-content\plugins\addon-elements-for-elementor-page-builder\assets\lib\peel\peel.5200f84bc1.css
https://adit.balloondecorationbhopal.com/wp-content/plugins/addon-elements-for-elementor-page-builder/assets/lib/vegas/vegas.min.css?ver=2.4.0	.\mirror\wp-content\plugins\addon-elements-for-elementor-page-builder\assets\lib\vegas\vegas.min.e4cfd1f526.css
https://adit.balloondecorationbhopal.com/wp-content/plugins/addon-elements-for-elementor-page-builder/assets/lib/vegas/vegas.min.js?ver=2.4.0	.\mirror\wp-content\plugins\addon-elements-for-elementor-page-builder\assets\lib\vegas\vegas.min.e4cfd1f526.js
https://adit.balloondecorationbhopal.com/wp-content/plugins/addon-elements-for-elementor-page-builder/build/index.min.js?ver=1.14.4	.\mirror\wp-content\plugins\addon-elements-for-elementor-page-builder\build\index.min.5200f84bc1.js
https://adit.balloondecorationbhopal.com/wp-content/plugins/elementor/assets/css/conditionals/e-swiper.min.css?ver=3.35.4	.\mirror\wp-content\plugins\elementor\assets\css\conditionals\e-swiper.min.b5244bceb5.css
https://adit.balloondecorationbhopal.com/wp-content/plugins/elementor/assets/css/frontend.min.css?ver=3.35.4	.\mirror\wp-content\plugins\elementor\assets\css\frontend.min.b5244bceb5.css
https://adit.balloondecorationbhopal.com/wp-content/plugins/elementor/assets/css/widget-divider.min.css?ver=3.35.4	.\mirror\wp-content\plugins\elementor\assets\css\widget-divider.min.b5244bceb5.css
https://adit.balloondecorationbhopal.com/wp-content/plugins/elementor/assets/css/widget-google_maps.min.css?ver=3.35.4	.\mirror\wp-content\plugins\elementor\assets\css\widget-google_maps.min.b5244bceb5.css
https://adit.balloondecorationbhopal.com/wp-content/plugins/elementor/assets/css/widget-heading.min.css?ver=3.35.4	.\mirror\wp-content\plugins\elementor\assets\css\widget-heading.min.b5244bceb5.css
https://adit.balloondecorationbhopal.com/wp-content/plugins/elementor/assets/css/widget-icon-box.min.css?ver=3.35.4	.\mirror\wp-content\plugins\elementor\assets\css\widget-icon-box.min.b5244bceb5.css
https://adit.balloondecorationbhopal.com/wp-content/plugins/elementor/assets/css/widget-icon-list.min.css?ver=3.35.4	.\mirror\wp-content\plugins\elementor\assets\css\widget-icon-list.min.b5244bceb5.css
https://adit.balloondecorationbhopal.com/wp-content/plugins/elementor/assets/css/widget-image.min.css?ver=3.35.4	.\mirror\wp-content\plugins\elementor\assets\css\widget-image.min.b5244bceb5.css
https://adit.balloondecorationbhopal.com/wp-content/plugins/elementor/assets/css/widget-image-box.min.css?ver=3.35.4	.\mirror\wp-content\plugins\elementor\assets\css\widget-image-box.min.b5244bceb5.css
https://adit.balloondecorationbhopal.com/wp-content/plugins/elementor/assets/css/widget-image-carousel.min.css?ver=3.35.4	.\mirror\wp-content\plugins\elementor\assets\css\widget-image-carousel.min.b5244bceb5.css
https://adit.balloondecorationbhopal.com/wp-content/plugins/elementor/assets/images/placeholder.png	.\mirror\wp-content\plugins\elementor\assets\images\placeholder.png
https://adit.balloondecorationbhopal.com/wp-content/plugins/elementor/assets/js/frontend.min.js?ver=3.35.4	.\mirror\wp-content\plugins\elementor\assets\js\frontend.min.b5244bceb5.js
https://adit.balloondecorationbhopal.com/wp-content/plugins/elementor/assets/js/frontend-modules.min.js?ver=3.35.4	.\mirror\wp-content\plugins\elementor\assets\js\frontend-modules.min.b5244bceb5.js
https://adit.balloondecorationbhopal.com/wp-content/plugins/elementor/assets/js/webpack.runtime.min.js?ver=3.35.4	.\mirror\wp-content\plugins\elementor\assets\js\webpack.runtime.min.b5244bceb5.js
https://adit.balloondecorationbhopal.com/wp-content/plugins/elementor/assets/lib/animations/styles/fadeIn.min.css?ver=3.35.4	.\mirror\wp-content\plugins\elementor\assets\lib\animations\styles\fadeIn.min.b5244bceb5.css
https://adit.balloondecorationbhopal.com/wp-content/plugins/elementor/assets/lib/animations/styles/fadeInDown.min.css?ver=3.35.4	.\mirror\wp-content\plugins\elementor\assets\lib\animations\styles\fadeInDown.min.b5244bceb5.css
https://adit.balloondecorationbhopal.com/wp-content/plugins/elementor/assets/lib/animations/styles/slideInDown.min.css?ver=3.35.4	.\mirror\wp-content\plugins\elementor\assets\lib\animations\styles\slideInDown.min.b5244bceb5.css
https://adit.balloondecorationbhopal.com/wp-content/plugins/elementor/assets/lib/animations/styles/slideInLeft.min.css?ver=3.35.4	.\mirror\wp-content\plugins\elementor\assets\lib\animations\styles\slideInLeft.min.b5244bceb5.css
https://adit.balloondecorationbhopal.com/wp-content/plugins/elementor/assets/lib/animations/styles/slideInRight.min.css?ver=3.35.4	.\mirror\wp-content\plugins\elementor\assets\lib\animations\styles\slideInRight.min.b5244bceb5.css
https://adit.balloondecorationbhopal.com/wp-content/plugins/elementor/assets/lib/animations/styles/zoomIn.min.css?ver=3.35.4	.\mirror\wp-content\plugins\elementor\assets\lib\animations\styles\zoomIn.min.b5244bceb5.css
https://adit.balloondecorationbhopal.com/wp-content/plugins/elementor/assets/lib/font-awesome/css/all.min.css?ver=1.0	.\mirror\wp-content\plugins\elementor\assets\lib\font-awesome\css\all.min.c9d000f21b.css
https://adit.balloondecorationbhopal.com/wp-content/plugins/elementor/assets/lib/font-awesome/css/v4-shims.min.css?ver=1.0	.\mirror\wp-content\plugins\elementor\assets\lib\font-awesome\css\v4-shims.min.c9d000f21b.css
https://adit.balloondecorationbhopal.com/wp-content/plugins/elementor/assets/lib/font-awesome/js/v4-shims.min.js?ver=1.0	.\mirror\wp-content\plugins\elementor\assets\lib\font-awesome\js\v4-shims.min.c9d000f21b.js
https://adit.balloondecorationbhopal.com/wp-content/plugins/elementor/assets/lib/font-awesome/webfonts/fa-brands-400.eot	.\mirror\wp-content\plugins\elementor\assets\lib\font-awesome\webfonts\fa-brands-400.eot
https://adit.balloondecorationbhopal.com/wp-content/plugins/elementor/assets/lib/font-awesome/webfonts/fa-brands-400.eot?#iefix	.\mirror\wp-content\plugins\elementor\assets\lib\font-awesome\webfonts\fa-brands-400.5bab61eb53.eot
https://adit.balloondecorationbhopal.com/wp-content/plugins/elementor/assets/lib/font-awesome/webfonts/fa-brands-400.svg#fontawesome	.\mirror\wp-content\plugins\elementor\assets\lib\font-awesome\webfonts\fa-brands-400.svg
https://adit.balloondecorationbhopal.com/wp-content/plugins/elementor/assets/lib/font-awesome/webfonts/fa-brands-400.ttf	.\mirror\wp-content\plugins\elementor\assets\lib\font-awesome\webfonts\fa-brands-400.ttf
https://adit.balloondecorationbhopal.com/wp-content/plugins/elementor/assets/lib/font-awesome/webfonts/fa-brands-400.woff	.\mirror\wp-content\plugins\elementor\assets\lib\font-awesome\webfonts\fa-brands-400.woff
https://adit.balloondecorationbhopal.com/wp-content/plugins/elementor/assets/lib/font-awesome/webfonts/fa-brands-400.woff2	.\mirror\wp-content\plugins\elementor\assets\lib\font-awesome\webfonts\fa-brands-400.woff2
https://adit.balloondecorationbhopal.com/wp-content/plugins/elementor/assets/lib/font-awesome/webfonts/fa-regular-400.eot	.\mirror\wp-content\plugins\elementor\assets\lib\font-awesome\webfonts\fa-regular-400.eot
https://adit.balloondecorationbhopal.com/wp-content/plugins/elementor/assets/lib/font-awesome/webfonts/fa-regular-400.eot?#iefix	.\mirror\wp-content\plugins\elementor\assets\lib\font-awesome\webfonts\fa-regular-400.5bab61eb53.eot
https://adit.balloondecorationbhopal.com/wp-content/plugins/elementor/assets/lib/font-awesome/webfonts/fa-regular-400.svg#fontawesome	.\mirror\wp-content\plugins\elementor\assets\lib\font-awesome\webfonts\fa-regular-400.svg
https://adit.balloondecorationbhopal.com/wp-content/plugins/elementor/assets/lib/font-awesome/webfonts/fa-regular-400.ttf	.\mirror\wp-content\plugins\elementor\assets\lib\font-awesome\webfonts\fa-regular-400.ttf
https://adit.balloondecorationbhopal.com/wp-content/plugins/elementor/assets/lib/font-awesome/webfonts/fa-regular-400.woff	.\mirror\wp-content\plugins\elementor\assets\lib\font-awesome\webfonts\fa-regular-400.woff
https://adit.balloondecorationbhopal.com/wp-content/plugins/elementor/assets/lib/font-awesome/webfonts/fa-regular-400.woff2	.\mirror\wp-content\plugins\elementor\assets\lib\font-awesome\webfonts\fa-regular-400.woff2
https://adit.balloondecorationbhopal.com/wp-content/plugins/elementor/assets/lib/font-awesome/webfonts/fa-solid-900.eot	.\mirror\wp-content\plugins\elementor\assets\lib\font-awesome\webfonts\fa-solid-900.eot
https://adit.balloondecorationbhopal.com/wp-content/plugins/elementor/assets/lib/font-awesome/webfonts/fa-solid-900.eot?#iefix	.\mirror\wp-content\plugins\elementor\assets\lib\font-awesome\webfonts\fa-solid-900.5bab61eb53.eot
https://adit.balloondecorationbhopal.com/wp-content/plugins/elementor/assets/lib/font-awesome/webfonts/fa-solid-900.svg#fontawesome	.\mirror\wp-content\plugins\elementor\assets\lib\font-awesome\webfonts\fa-solid-900.svg
https://adit.balloondecorationbhopal.com/wp-content/plugins/elementor/assets/lib/font-awesome/webfonts/fa-solid-900.ttf	.\mirror\wp-content\plugins\elementor\assets\lib\font-awesome\webfonts\fa-solid-900.ttf
https://adit.balloondecorationbhopal.com/wp-content/plugins/elementor/assets/lib/font-awesome/webfonts/fa-solid-900.woff	.\mirror\wp-content\plugins\elementor\assets\lib\font-awesome\webfonts\fa-solid-900.woff
https://adit.balloondecorationbhopal.com/wp-content/plugins/elementor/assets/lib/font-awesome/webfonts/fa-solid-900.woff2	.\mirror\wp-content\plugins\elementor\assets\lib\font-awesome\webfonts\fa-solid-900.woff2
https://adit.balloondecorationbhopal.com/wp-content/plugins/elementor/assets/lib/swiper/v8/css/swiper.min.css?ver=8.4.5	.\mirror\wp-content\plugins\elementor\assets\lib\swiper\v8\css\swiper.min.af45870430.css
https://adit.balloondecorationbhopal.com/wp-content/plugins/elementor/assets/lib/swiper/v8/swiper.min.js?ver=8.4.5	.\mirror\wp-content\plugins\elementor\assets\lib\swiper\v8\swiper.min.af45870430.js
https://adit.balloondecorationbhopal.com/wp-content/plugins/elementskit-lite/libs/framework/assets/js/frontend-script.js?ver=3.7.9	.\mirror\wp-content\plugins\elementskit-lite\libs\framework\assets\js\frontend-script.c3852cc822.js
https://adit.balloondecorationbhopal.com/wp-content/plugins/elementskit-lite/modules/elementskit-icon-pack/assets/css/ekiticons.css?ver=3.7.9	.\mirror\wp-content\plugins\elementskit-lite\modules\elementskit-icon-pack\assets\css\ekiticons.c3852cc822.css
https://adit.balloondecorationbhopal.com/wp-content/plugins/elementskit-lite/modules/elementskit-icon-pack/assets/fonts/elementskit.woff?itek3h	.\mirror\wp-content\plugins\elementskit-lite\modules\elementskit-icon-pack\assets\fonts\elementskit.4bbc960d13.woff
https://adit.balloondecorationbhopal.com/wp-content/plugins/elementskit-lite/widgets/init/assets/css/responsive.css?ver=3.7.9	.\mirror\wp-content\plugins\elementskit-lite\widgets\init\assets\css\responsive.c3852cc822.css
https://adit.balloondecorationbhopal.com/wp-content/plugins/elementskit-lite/widgets/init/assets/css/widget-styles.css?ver=3.7.9	.\mirror\wp-content\plugins\elementskit-lite\widgets\init\assets\css\widget-styles.c3852cc822.css
https://adit.balloondecorationbhopal.com/wp-content/plugins/elementskit-lite/widgets/init/assets/img/arrow.png	.\mirror\wp-content\plugins\elementskit-lite\widgets\init\assets\img\arrow.png
https://adit.balloondecorationbhopal.com/wp-content/plugins/elementskit-lite/widgets/init/assets/img/cross-out.svg	.\mirror\wp-content\plugins\elementskit-lite\widgets\init\assets\img\cross-out.svg
https://adit.balloondecorationbhopal.com/wp-content/plugins/elementskit-lite/widgets/init/assets/img/sort_asc.png	.\mirror\wp-content\plugins\elementskit-lite\widgets\init\assets\img\sort_asc.png
https://adit.balloondecorationbhopal.com/wp-content/plugins/elementskit-lite/widgets/init/assets/img/sort_asc_disabled.png	.\mirror\wp-content\plugins\elementskit-lite\widgets\init\assets\img\sort_asc_disabled.png
https://adit.balloondecorationbhopal.com/wp-content/plugins/elementskit-lite/widgets/init/assets/img/sort_desc.png	.\mirror\wp-content\plugins\elementskit-lite\widgets\init\assets\img\sort_desc.png
https://adit.balloondecorationbhopal.com/wp-content/plugins/elementskit-lite/widgets/init/assets/js/animate-circle.min.js?ver=3.7.9	.\mirror\wp-content\plugins\elementskit-lite\widgets\init\assets\js\animate-circle.min.c3852cc822.js
https://adit.balloondecorationbhopal.com/wp-content/plugins/elementskit-lite/widgets/init/assets/js/elementor.js?ver=3.7.9	.\mirror\wp-content\plugins\elementskit-lite\widgets\init\assets\js\elementor.c3852cc822.js
https://adit.balloondecorationbhopal.com/wp-content/plugins/elementskit-lite/widgets/init/assets/js/widget-scripts.js?ver=3.7.9	.\mirror\wp-content\plugins\elementskit-lite\widgets\init\assets\js\widget-scripts.c3852cc822.js
https://adit.balloondecorationbhopal.com/wp-content/plugins/essential-addons-for-elementor-lite/assets/front-end/css/view/general.min.css?ver=6.5.11	.\mirror\wp-content\plugins\essential-addons-for-elementor-lite\assets\front-end\css\view\general.min.cff723dfb3.css
https://adit.balloondecorationbhopal.com/wp-content/plugins/essential-addons-for-elementor-lite/assets/front-end/js/view/general.min.js?ver=6.5.11	.\mirror\wp-content\plugins\essential-addons-for-elementor-lite\assets\front-end\js\view\general.min.cff723dfb3.js
https://adit.balloondecorationbhopal.com/wp-content/plugins/hostinger-reach/frontend/dist/blocks/subscription.css?ver=1771005203	.\mirror\wp-content\plugins\hostinger-reach\frontend\dist\blocks\subscription.3ebc7e9103.css
https://adit.balloondecorationbhopal.com/wp-content/plugins/hostinger-reach/frontend/dist/blocks/subscription-view.js?ver=1771005203	.\mirror\wp-content\plugins\hostinger-reach\frontend\dist\blocks\subscription-view.3ebc7e9103.js
https://adit.balloondecorationbhopal.com/wp-content/plugins/royal-elementor-addons/assets/css/frontend.min.css?ver=1.7.1049	.\mirror\wp-content\plugins\royal-elementor-addons\assets\css\frontend.min.e313b175c0.css
https://adit.balloondecorationbhopal.com/wp-content/plugins/royal-elementor-addons/assets/css/lib/animations/button-animations.min.css?ver=1.7.1049	.\mirror\wp-content\plugins\royal-elementor-addons\assets\css\lib\animations\button-animations.min.e313b175c0.css
https://adit.balloondecorationbhopal.com/wp-content/plugins/royal-elementor-addons/assets/css/lib/animations/loading-animations.min.css?ver=1.7.1049	.\mirror\wp-content\plugins\royal-elementor-addons\assets\css\lib\animations\loading-animations.min.e313b175c0.css
https://adit.balloondecorationbhopal.com/wp-content/plugins/royal-elementor-addons/assets/css/lib/animations/text-animations.min.css?ver=1.7.1049	.\mirror\wp-content\plugins\royal-elementor-addons\assets\css\lib\animations\text-animations.min.e313b175c0.css
https://adit.balloondecorationbhopal.com/wp-content/plugins/royal-elementor-addons/assets/css/lib/animations/wpr-animations.min.css?ver=1.7.1049	.\mirror\wp-content\plugins\royal-elementor-addons\assets\css\lib\animations\wpr-animations.min.e313b175c0.css
https://adit.balloondecorationbhopal.com/wp-content/plugins/royal-elementor-addons/assets/css/lib/animations/wpr-link-animations.min.css?ver=1.7.1049	.\mirror\wp-content\plugins\royal-elementor-addons\assets\css\lib\animations\wpr-link-animations.min.e313b175c0.css
https://adit.balloondecorationbhopal.com/wp-content/plugins/royal-elementor-addons/assets/css/lib/aos/aos.min.css?ver=6.9.4	.\mirror\wp-content\plugins\royal-elementor-addons\assets\css\lib\aos\aos.min.2b60b94d46.css
https://adit.balloondecorationbhopal.com/wp-content/plugins/royal-elementor-addons/assets/js/frontend.min.js?ver=1.7.1049	.\mirror\wp-content\plugins\royal-elementor-addons\assets\js\frontend.min.e313b175c0.js
https://adit.balloondecorationbhopal.com/wp-content/plugins/royal-elementor-addons/assets/js/lib/aos/aos.min.js	.\mirror\wp-content\plugins\royal-elementor-addons\assets\js\lib\aos\aos.min.js
https://adit.balloondecorationbhopal.com/wp-content/plugins/royal-elementor-addons/assets/js/lib/dompurify/dompurify.min.js?ver=3.0.6	.\mirror\wp-content\plugins\royal-elementor-addons\assets\js\lib\dompurify\dompurify.min.9d491fdc22.js
https://adit.balloondecorationbhopal.com/wp-content/plugins/royal-elementor-addons/assets/js/lib/infinite-scroll/infinite-scroll.min.js?ver=3.0.5	.\mirror\wp-content\plugins\royal-elementor-addons\assets\js\lib\infinite-scroll\infinite-scroll.min.dd0f12b4d5.js
https://adit.balloondecorationbhopal.com/wp-content/plugins/royal-elementor-addons/assets/js/lib/jarallax/jarallax.min.js?ver=1.12.7	.\mirror\wp-content\plugins\royal-elementor-addons\assets\js\lib\jarallax\jarallax.min.9059016536.js
https://adit.balloondecorationbhopal.com/wp-content/plugins/royal-elementor-addons/assets/js/lib/parallax/parallax.min.js?ver=1.0	.\mirror\wp-content\plugins\royal-elementor-addons\assets\js\lib\parallax\parallax.min.c9d000f21b.js
https://adit.balloondecorationbhopal.com/wp-content/plugins/royal-elementor-addons/assets/js/lib/particles/particles.js?ver=3.0.6	.\mirror\wp-content\plugins\royal-elementor-addons\assets\js\lib\particles\particles.9d491fdc22.js
https://adit.balloondecorationbhopal.com/wp-content/plugins/royal-elementor-addons/assets/js/modal-popups.min.js?ver=1.7.1049	.\mirror\wp-content\plugins\royal-elementor-addons\assets\js\modal-popups.min.e313b175c0.js
https://adit.balloondecorationbhopal.com/wp-content/themes/hello-elementor/assets/css/header-footer.css?ver=3.4.6	.\mirror\wp-content\themes\hello-elementor\assets\css\header-footer.ab15de3ac9.css
https://adit.balloondecorationbhopal.com/wp-content/themes/hello-elementor/assets/css/reset.css?ver=3.4.6	.\mirror\wp-content\themes\hello-elementor\assets\css\reset.ab15de3ac9.css
https://adit.balloondecorationbhopal.com/wp-content/themes/hello-elementor/assets/css/theme.css?ver=3.4.6	.\mirror\wp-content\themes\hello-elementor\assets\css\theme.ab15de3ac9.css
https://adit.balloondecorationbhopal.com/wp-content/themes/hello-elementor/assets/js/hello-frontend.js?ver=3.4.6	.\mirror\wp-content\themes\hello-elementor\assets\js\hello-frontend.ab15de3ac9.js
https://adit.balloondecorationbhopal.com/wp-content/uploads/2026/02/logo-2.png	.\mirror\wp-content\uploads\2026\02\logo-2.png
https://adit.balloondecorationbhopal.com/wp-content/uploads/2026/02/pic-7.jpg	.\mirror\wp-content\uploads\2026\02\pic-7.jpg
https://adit.balloondecorationbhopal.com/wp-content/uploads/2026/03/01.jpg	.\mirror\wp-content\uploads\2026\03\01.jpg
https://adit.balloondecorationbhopal.com/wp-content/uploads/2026/03/01-1.jpg	.\mirror\wp-content\uploads\2026\03\01-1.jpg
https://adit.balloondecorationbhopal.com/wp-content/uploads/2026/03/01-1.png	.\mirror\wp-content\uploads\2026\03\01-1.png
https://adit.balloondecorationbhopal.com/wp-content/uploads/2026/03/01-2.jpg	.\mirror\wp-content\uploads\2026\03\01-2.jpg
https://adit.balloondecorationbhopal.com/wp-content/uploads/2026/03/01-3.png	.\mirror\wp-content\uploads\2026\03\01-3.png
https://adit.balloondecorationbhopal.com/wp-content/uploads/2026/03/02.png	.\mirror\wp-content\uploads\2026\03\02.png
https://adit.balloondecorationbhopal.com/wp-content/uploads/2026/03/03.png	.\mirror\wp-content\uploads\2026\03\03.png
https://adit.balloondecorationbhopal.com/wp-content/uploads/2026/03/04.png	.\mirror\wp-content\uploads\2026\03\04.png
https://adit.balloondecorationbhopal.com/wp-content/uploads/2026/03/04.webp	.\mirror\wp-content\uploads\2026\03\04.webp
https://adit.balloondecorationbhopal.com/wp-content/uploads/2026/03/05.png	.\mirror\wp-content\uploads\2026\03\05.png
https://adit.balloondecorationbhopal.com/wp-content/uploads/2026/03/06.png	.\mirror\wp-content\uploads\2026\03\06.png
https://adit.balloondecorationbhopal.com/wp-content/uploads/2026/03/07.png	.\mirror\wp-content\uploads\2026\03\07.png
https://adit.balloondecorationbhopal.com/wp-content/uploads/2026/03/08.png	.\mirror\wp-content\uploads\2026\03\08.png
https://adit.balloondecorationbhopal.com/wp-content/uploads/2026/03/09.png	.\mirror\wp-content\uploads\2026\03\09.png
https://adit.balloondecorationbhopal.com/wp-content/uploads/2026/03/10.png	.\mirror\wp-content\uploads\2026\03\10.png
https://adit.balloondecorationbhopal.com/wp-content/uploads/2026/03/12.png	.\mirror\wp-content\uploads\2026\03\12.png
https://adit.balloondecorationbhopal.com/wp-content/uploads/2026/03/building-1-1.png	.\mirror\wp-content\uploads\2026\03\building-1-1.png
https://adit.balloondecorationbhopal.com/wp-content/uploads/2026/03/building-1-300x300.png	.\mirror\wp-content\uploads\2026\03\building-1-300x300.png
https://adit.balloondecorationbhopal.com/wp-content/uploads/2026/03/business-people-posing-together-office-scaled.jpg	.\mirror\wp-content\uploads\2026\03\business-people-posing-together-office-scaled.jpg
https://adit.balloondecorationbhopal.com/wp-content/uploads/2026/03/cashless-payment.png	.\mirror\wp-content\uploads\2026\03\cashless-payment.png
https://adit.balloondecorationbhopal.com/wp-content/uploads/2026/03/cashless-payment-1.png	.\mirror\wp-content\uploads\2026\03\cashless-payment-1.png
https://adit.balloondecorationbhopal.com/wp-content/uploads/2026/03/ChatGPT-Image-Mar-3-2026-04_10_23-PM-1-683x1024.png	.\mirror\wp-content\uploads\2026\03\ChatGPT-Image-Mar-3-2026-04_10_23-PM-1-683x1024.png
https://adit.balloondecorationbhopal.com/wp-content/uploads/2026/03/credit-card.png	.\mirror\wp-content\uploads\2026\03\credit-card.png
https://adit.balloondecorationbhopal.com/wp-content/uploads/2026/03/credit-card-1-150x150.png	.\mirror\wp-content\uploads\2026\03\credit-card-1-150x150.png
https://adit.balloondecorationbhopal.com/wp-content/uploads/2026/03/earth-1.png	.\mirror\wp-content\uploads\2026\03\earth-1.png
https://adit.balloondecorationbhopal.com/wp-content/uploads/2026/03/globe-300x300.png	.\mirror\wp-content\uploads\2026\03\globe-300x300.png
https://adit.balloondecorationbhopal.com/wp-content/uploads/2026/03/pic-20.jpg	.\mirror\wp-content\uploads\2026\03\pic-20.jpg
https://adit.balloondecorationbhopal.com/wp-content/uploads/2026/03/programming.png	.\mirror\wp-content\uploads\2026\03\programming.png
https://adit.balloondecorationbhopal.com/wp-content/uploads/elementor/css/post-310.css?ver=1771240745	.\mirror\wp-content\uploads\elementor\css\post-310.61fb1080da.css
https://adit.balloondecorationbhopal.com/wp-content/uploads/elementor/css/post-372.css?ver=1772615121	.\mirror\wp-content\uploads\elementor\css\post-372.7b1a1020e2.css
https://adit.balloondecorationbhopal.com/wp-content/uploads/elementor/css/post-374.css?ver=1771259432	.\mirror\wp-content\uploads\elementor\css\post-374.755bede68d.css
https://adit.balloondecorationbhopal.com/wp-content/uploads/elementor/css/post-377.css?ver=1771262165	.\mirror\wp-content\uploads\elementor\css\post-377.4dbd8ac15c.css
https://adit.balloondecorationbhopal.com/wp-content/uploads/elementor/css/post-489.css?ver=1771249501	.\mirror\wp-content\uploads\elementor\css\post-489.01a8f4f7a5.css
https://adit.balloondecorationbhopal.com/wp-content/uploads/elementor/css/post-491.css?ver=1771242789	.\mirror\wp-content\uploads\elementor\css\post-491.f641e4fba1.css
https://adit.balloondecorationbhopal.com/wp-content/uploads/elementor/css/post-495.css?ver=1771249505	.\mirror\wp-content\uploads\elementor\css\post-495.7bbabf845b.css
https://adit.balloondecorationbhopal.com/wp-content/uploads/elementor/css/post-5.css?ver=1772615245	.\mirror\wp-content\uploads\elementor\css\post-5.fec7fcab46.css
https://adit.balloondecorationbhopal.com/wp-content/uploads/elementor/css/post-593.css?ver=1771240783	.\mirror\wp-content\uploads\elementor\css\post-593.0b4a2239dc.css
https://adit.balloondecorationbhopal.com/wp-content/uploads/elementor/css/post-8.css?ver=1771016619	.\mirror\wp-content\uploads\elementor\css\post-8.3cb607e102.css
https://adit.balloondecorationbhopal.com/wp-includes/js/jquery/jquery.min.js?ver=3.7.1	.\mirror\wp-includes\js\jquery\jquery.min.42f31d5cbd.js
https://adit.balloondecorationbhopal.com/wp-includes/js/jquery/jquery-migrate.min.js?ver=3.4.1	.\mirror\wp-includes\js\jquery\jquery-migrate.min.6b8fc33665.js
https://adit.balloondecorationbhopal.com/wp-includes/js/jquery/ui/core.min.js?ver=1.13.3	.\mirror\wp-includes\js\jquery\ui\core.min.6c6c33b38c.js
